{
    "541804266": {
        "group_id": 541804266,
        "company_name": "次元行者跨一群",
        "stock": 20000,
        "gold": 0.0,
        "time": 1661309837.6873403
    },
    "次元行者跨一群": {
        "group_id": 541804266,
        "company_name": "次元行者跨一群",
        "stock": 2300,
        "gold": 116742.88236105787,
        "group_gold": 149660.0,
        "float_gold": 95875.55326849764,
        "intro": "群号541804266"
    },
    "946705328": {
        "group_id": 946705328,
        "company_name": "mxy群",
        "stock": 20000,
        "gold": 0.0,
        "time": 1661312597.0118058
    },
    "mxy群": {
        "group_id": 946705328,
        "company_name": "mxy群",
        "stock": 0,
        "gold": 110444.60880010804,
        "group_gold": 159042.0,
        "float_gold": 92441.11090278413,
        "intro": ""
    }
}