{
    "541804266": {
        "group_id": 541804266,
        "company_name": "次元行者跨一群",
        "stock": 20000,
        "gold": 0.0,
        "time": 1661309837.6873403
    },
    "次元行者跨一群": {
        "group_id": 541804266,
        "company_name": "次元行者跨一群",
        "stock": 0,
        "gold": 108945.1355459744,
        "group_gold": 212512.0,
        "float_gold": 109918.26862345963,
        "intro": "群号541804266"
    },
    "946705328": {
        "group_id": 946705328,
        "company_name": "mxy群",
        "stock": 20000,
        "gold": 0.0,
        "time": 1661312597.0118058
    },
    "mxy群": {
        "group_id": 946705328,
        "company_name": "mxy群",
        "stock": 0,
        "gold": 130402.35000708477,
        "group_gold": 156805.0,
        "float_gold": 118027.51975901405,
        "intro": ""
    }
}