{
    "541804266": {
        "group_id": 541804266,
        "company_name": "次元行者跨一群",
        "stock": 20000,
        "gold": 0.0,
        "time": 1661309837.6873403
    },
    "次元行者跨一群": {
        "group_id": 541804266,
        "company_name": "次元行者跨一群",
        "stock": 3620,
        "gold": 206301.95107525928,
        "group_gold": 221783.0,
        "float_gold": 145550.9180397396,
        "intro": "群号541804266"
    },
    "946705328": {
        "group_id": 946705328,
        "company_name": "mxy群",
        "stock": 20000,
        "gold": 0.0,
        "time": 1661312597.0118058
    },
    "mxy群": {
        "group_id": 946705328,
        "company_name": "mxy群",
        "stock": 0,
        "gold": 117228.41901911239,
        "group_gold": 172710.0,
        "float_gold": 92309.42367540745,
        "intro": ""
    }
}