{
    "541804266": {
        "group_id": 541804266,
        "company_name": "次元行者跨一群",
        "stock": 20000,
        "gold": 0.0,
        "time": 1661309837.6873403
    },
    "次元行者跨一群": {
        "group_id": 541804266,
        "company_name": "次元行者跨一群",
        "stock": 12944,
        "gold": 28987.08278468055,
        "group_gold": 40466.0,
        "float_gold": 28216.1553947137,
        "intro": "群号541804266"
    },
    "946705328": {
        "group_id": 946705328,
        "company_name": "mxy群",
        "stock": 20000,
        "gold": 0.0,
        "time": 1661312597.0118058
    },
    "mxy群": {
        "group_id": 946705328,
        "company_name": "mxy群",
        "stock": 13550,
        "gold": 54407.394690136585,
        "group_gold": 90757.0,
        "float_gold": 48884.52852244047,
        "intro": ""
    }
}