{
    "541804266": {
        "group_id": 541804266,
        "company_name": "次元行者跨一群",
        "stock": 20000,
        "gold": 0.0,
        "time": 1661309837.6873403
    },
    "次元行者跨一群": {
        "group_id": 541804266,
        "company_name": "次元行者跨一群",
        "stock": 11144,
        "gold": 13420.361160397371,
        "group_gold": 49510.0,
        "float_gold": 21102.80952624679,
        "intro": "群号541804266"
    },
    "946705328": {
        "group_id": 946705328,
        "company_name": "mxy群",
        "stock": 20000,
        "gold": 0.0,
        "time": 1661312597.0118058
    },
    "mxy群": {
        "group_id": 946705328,
        "company_name": "mxy群",
        "stock": 13900,
        "gold": 23500.210297550242,
        "group_gold": 101698.0,
        "float_gold": 37260.790097818564,
        "intro": ""
    }
}