{
    "541804266": {
        "group_id": 541804266,
        "company_name": "次元行者跨一群",
        "stock": 20000,
        "gold": 0.0,
        "time": 1661309837.6873403
    },
    "次元行者跨一群": {
        "group_id": 541804266,
        "company_name": "次元行者跨一群",
        "stock": 14744,
        "gold": 13591.605671804558,
        "group_gold": 24888.0,
        "float_gold": 13236.695216316552,
        "intro": "群号541804266"
    },
    "946705328": {
        "group_id": 946705328,
        "company_name": "mxy群",
        "stock": 20000,
        "gold": 0.0,
        "time": 1661312597.0118058
    },
    "mxy群": {
        "group_id": 946705328,
        "company_name": "mxy群",
        "stock": 13550,
        "gold": 37112.08976665219,
        "group_gold": 46911.0,
        "float_gold": 35781.38186536719,
        "intro": ""
    }
}