{
    "541804266": {
        "group_id": 541804266,
        "company_name": "次元行者跨一群",
        "stock": 20000,
        "gold": 0.0,
        "time": 1661309837.6873403
    },
    "次元行者跨一群": {
        "group_id": 541804266,
        "company_name": "次元行者跨一群",
        "stock": 0,
        "gold": 71303.1496826629,
        "group_gold": 78324.0,
        "float_gold": 50629.35380775989,
        "intro": "群号541804266"
    },
    "946705328": {
        "group_id": 946705328,
        "company_name": "mxy群",
        "stock": 20000,
        "gold": 0.0,
        "time": 1661312597.0118058
    },
    "mxy群": {
        "group_id": 946705328,
        "company_name": "mxy群",
        "stock": 4218,
        "gold": 80895.98203655973,
        "group_gold": 123460.0,
        "float_gold": 74365.86809696205,
        "intro": ""
    }
}