{
    "541804266": {
        "group_id": 541804266,
        "company_name": "次元行者跨一群",
        "stock": 20000,
        "gold": 0.0,
        "time": 1661309837.6873403
    },
    "次元行者跨一群": {
        "group_id": 541804266,
        "company_name": "次元行者跨一群",
        "stock": 14144,
        "gold": 20238.248058087836,
        "group_gold": 40516.0,
        "float_gold": 17531.351964652284,
        "intro": "群号541804266"
    },
    "946705328": {
        "group_id": 946705328,
        "company_name": "mxy群",
        "stock": 20000,
        "gold": 0.0,
        "time": 1661312597.0118058
    },
    "mxy群": {
        "group_id": 946705328,
        "company_name": "mxy群",
        "stock": 13550,
        "gold": 24934.55164511344,
        "group_gold": 90740.0,
        "float_gold": 32357.311240811472,
        "intro": ""
    }
}