{
    "541804266": {
        "group_id": 541804266,
        "company_name": "次元行者跨一群",
        "stock": 20000,
        "gold": 0.0,
        "time": 1661309837.6873403
    },
    "次元行者跨一群": {
        "group_id": 541804266,
        "company_name": "次元行者跨一群",
        "stock": 5800,
        "gold": 178423.83338352665,
        "group_gold": 202466.0,
        "float_gold": 126205.6401891961,
        "intro": "群号541804266"
    },
    "946705328": {
        "group_id": 946705328,
        "company_name": "mxy群",
        "stock": 20000,
        "gold": 0.0,
        "time": 1661312597.0118058
    },
    "mxy群": {
        "group_id": 946705328,
        "company_name": "mxy群",
        "stock": 2500,
        "gold": 157444.18025642628,
        "group_gold": 160967.0,
        "float_gold": 98690.11786414725,
        "intro": ""
    }
}