{
    "541804266": {
        "group_id": 541804266,
        "company_name": "次元行者跨一群",
        "stock": 20000,
        "gold": 0.0,
        "time": 1661309837.6873403
    },
    "次元行者跨一群": {
        "group_id": 541804266,
        "company_name": "次元行者跨一群",
        "stock": 0,
        "gold": 237113.2134189596,
        "group_gold": 266829.0,
        "float_gold": 157704.43704285054,
        "intro": "群号541804266"
    },
    "946705328": {
        "group_id": 946705328,
        "company_name": "mxy群",
        "stock": 20000,
        "gold": 0.0,
        "time": 1661312597.0118058
    },
    "mxy群": {
        "group_id": 946705328,
        "company_name": "mxy群",
        "stock": 1418,
        "gold": 184172.27610911801,
        "group_gold": 206979.0,
        "float_gold": 131627.22814745293,
        "intro": ""
    }
}