{
    "541804266": {
        "group_id": 541804266,
        "company_name": "次元行者跨一群",
        "stock": 20000,
        "gold": 0.0,
        "time": 1661309837.6873403
    },
    "次元行者跨一群": {
        "group_id": 541804266,
        "company_name": "次元行者跨一群",
        "stock": 11144,
        "gold": 27623.39366724909,
        "group_gold": 45036.0,
        "float_gold": 28807.93388262156,
        "intro": "群号541804266"
    },
    "946705328": {
        "group_id": 946705328,
        "company_name": "mxy群",
        "stock": 20000,
        "gold": 0.0,
        "time": 1661312597.0118058
    },
    "mxy群": {
        "group_id": 946705328,
        "company_name": "mxy群",
        "stock": 12700,
        "gold": 28387.286725596732,
        "group_gold": 93598.0,
        "float_gold": 36201.862988408146,
        "intro": ""
    }
}