{
    "541804266": {
        "group_id": 541804266,
        "company_name": "次元行者跨一群",
        "stock": 20000,
        "gold": 0.0,
        "time": 1661309837.6873403
    },
    "次元行者跨一群": {
        "group_id": 541804266,
        "company_name": "次元行者跨一群",
        "stock": 11844,
        "gold": 16026.06021717898,
        "group_gold": 23130.0,
        "float_gold": 13998.274470389217,
        "intro": "群号541804266"
    },
    "946705328": {
        "group_id": 946705328,
        "company_name": "mxy群",
        "stock": 20000,
        "gold": 0.0,
        "time": 1661312597.0118058
    },
    "mxy群": {
        "group_id": 946705328,
        "company_name": "mxy群",
        "stock": 14550,
        "gold": 27317.701249921432,
        "group_gold": 42814.0,
        "float_gold": 20277.893902938562,
        "intro": ""
    }
}