{
    "541804266": {
        "group_id": 541804266,
        "company_name": "次元行者跨一群",
        "stock": 20000,
        "gold": 0.0,
        "time": 1661309837.6873403
    },
    "次元行者跨一群": {
        "group_id": 541804266,
        "company_name": "次元行者跨一群",
        "stock": 14744,
        "gold": 15998.015963125192,
        "group_gold": 39573.0,
        "float_gold": 18595.145493924956,
        "intro": "群号541804266"
    },
    "946705328": {
        "group_id": 946705328,
        "company_name": "mxy群",
        "stock": 20000,
        "gold": 0.0,
        "time": 1661312597.0118058
    },
    "mxy群": {
        "group_id": 946705328,
        "company_name": "mxy群",
        "stock": 13550,
        "gold": 43831.48311568024,
        "group_gold": 84622.0,
        "float_gold": 42855.89416931189,
        "intro": ""
    }
}