{
    "次元行者跨一群": [
        [
            1661820600.006671,
            7.535657996642524,
            8.294232509992746
        ],
        [
            1661820900.005122,
            7.976737829997898,
            7.615416397774005
        ],
        [
            1661821200.0017192,
            8.399700729810503,
            8.235815767630376
        ],
        [
            1661821500.0023396,
            8.805526241382477,
            9.540578155839773
        ],
        [
            1661821800.001606,
            9.195071234125853,
            9.227325156802603
        ]
    ],
    "mxy群": [
        [
            1661820600.007311,
            7.679854186493218,
            6.261613045138514
        ],
        [
            1661820900.0057595,
            7.815448977168558,
            6.952325109822495
        ],
        [
            1661821200.002374,
            7.953639028310129,
            6.906133119135139
        ],
        [
            1661821500.002984,
            8.091747076894624,
            5.808534922007371
        ],
        [
            1661821800.006544,
            8.232344723049893,
            5.918010156920665
        ]
    ]
}